{
    "ema_spread_scaled": 0.9271397926517653,
    "mcclenllan_scaled": 0.660480039841422,
    "p_c_ema_scaled": 0.7680250783699061,
    "vix_ema_spread_scaled": 0.7810817439646816,
    "safe_spread_scaled": 0.8318662601954726,
    "junk_spread_scaled": 0.6310679611650484,
    "stock_strength_scaled": 0.7486233196056173
}