{
    "ema_spread_scaled": 0.37463246251499804,
    "mcclenllan_scaled": 0.005598898105067449,
    "p_c_ema_scaled": 0.6631445119367145,
    "vix_ema_spread_scaled": 0.47260587800009163,
    "safe_spread_scaled": 0.0,
    "junk_spread_scaled": 0.6809815950920243,
    "stock_strength_scaled": 0.5087243934466029,
    "ema_spread_imputed": 0,
    "mcclenllan_imputed": 0,
    "p_c_ema_imputed": 0,
    "vix_ema_spread_imputed": 0,
    "safe_spread_imputed": 0,
    "junk_spread_imputed": 0,
    "stock_strength_imputed": 0,
    "imputed_count": 0
}