{
    "ema_spread_scaled": 1.0,
    "mcclenllan_scaled": 0.8361918571616138,
    "p_c_ema_scaled": 0.46081504702194354,
    "vix_ema_spread_scaled": 0.7678548486936615,
    "safe_spread_scaled": 1.0,
    "junk_spread_scaled": 0.5242718446601935,
    "stock_strength_scaled": 0.7355647907539612
}