{
    "ema_spread_scaled": 0.6277630112348112,
    "mcclenllan_scaled": 0.5365193956557254,
    "p_c_ema_scaled": 0.5521885521885521,
    "vix_ema_spread_scaled": 0.7732188041833365,
    "safe_spread_scaled": 0.6630757344981343,
    "junk_spread_scaled": 0.9242902208201892
}