{
    "ema_spread_scaled": 0.9996246973159856,
    "mcclenllan_scaled": 0.8960014805455957,
    "p_c_ema_scaled": 0.5548589341692789,
    "vix_ema_spread_scaled": 0.7406710970439494,
    "safe_spread_scaled": 0.9364941166367068,
    "junk_spread_scaled": 0.5825242718446595,
    "stock_strength_scaled": 0.8065705413848419
}