{
    "ema_spread_scaled": 0.4541172285676427,
    "mcclenllan_scaled": 0.38823733920500636,
    "p_c_ema_scaled": 0.7399193548387094,
    "vix_ema_spread_scaled": 0.7386612677673184,
    "safe_spread_scaled": 0.4750168251910341,
    "junk_spread_scaled": 0.9513444302176697
}