{
    "ema_spread_scaled": 0.9650883978245375,
    "mcclenllan_scaled": 0.5752339307712843,
    "p_c_ema_scaled": 0.07991222820666266,
    "vix_ema_spread_scaled": 0.25787981429836027,
    "safe_spread_scaled": 0.6926924734581048,
    "junk_spread_scaled": 0.7540453074433658,
    "stock_strength_scaled": 0.0,
    "ema_spread_imputed": 0,
    "mcclenllan_imputed": 0,
    "p_c_ema_imputed": 0,
    "vix_ema_spread_imputed": 0,
    "safe_spread_imputed": 0,
    "junk_spread_imputed": 1,
    "stock_strength_imputed": 0,
    "imputed_count": 1
}