{
    "ema_spread_scaled": 0.7070163204072994,
    "mcclenllan_scaled": 0.6721019822294128,
    "p_c_ema_scaled": 0.6870503597122303,
    "vix_ema_spread_scaled": 0.9347239579075225,
    "safe_spread_scaled": 0.6708818688646548,
    "junk_spread_scaled": 0.28155339805825186,
    "stock_strength_scaled": 0.759769724683816
}