{
    "ema_spread_scaled": 0.9223600320436911,
    "mcclenllan_scaled": 0.7416679926181682,
    "p_c_ema_scaled": 0.6739811912225705,
    "vix_ema_spread_scaled": 0.7761296878102333,
    "safe_spread_scaled": 0.8468815484049154,
    "junk_spread_scaled": 0.7572815533980578,
    "stock_strength_scaled": 0.6351773502068537
}