{
    "ema_spread_scaled": 0.5996081067135618,
    "mcclenllan_scaled": 0.551197585753205,
    "p_c_ema_scaled": 0.3030303030303029,
    "vix_ema_spread_scaled": 0.8053167829725706,
    "safe_spread_scaled": 0.6481858461647186,
    "junk_spread_scaled": 0.9305993690851734
}