{
    "ema_spread_scaled": 0.7868933230416202,
    "mcclenllan_scaled": 0.7856606067945531,
    "p_c_ema_scaled": 0.8781362007168457,
    "vix_ema_spread_scaled": 0.9853540603356652,
    "safe_spread_scaled": 0.7343156852234397,
    "junk_spread_scaled": 0.23300970873786303,
    "stock_strength_scaled": 0.7349884879480021
}