{
    "ema_spread_scaled": 0.9520799256752719,
    "mcclenllan_scaled": 0.7721786749447389,
    "p_c_ema_scaled": 0.7805642633228841,
    "vix_ema_spread_scaled": 0.7823489564476003,
    "safe_spread_scaled": 0.8491328554970816,
    "junk_spread_scaled": 0.6893203883495145,
    "stock_strength_scaled": 0.7886150642138147
}