{
    "ema_spread_scaled": 0.5836994748725232,
    "mcclenllan_scaled": 0.002407314120227444,
    "p_c_ema_scaled": 0.38677648651698077,
    "vix_ema_spread_scaled": 0.2942065388233673,
    "safe_spread_scaled": 0.08547389294104689,
    "junk_spread_scaled": 0.6809815950920243,
    "stock_strength_scaled": 0.6209681294602339,
    "ema_spread_imputed": 0,
    "mcclenllan_imputed": 0,
    "p_c_ema_imputed": 0,
    "vix_ema_spread_imputed": 0,
    "safe_spread_imputed": 0,
    "junk_spread_imputed": 0,
    "stock_strength_imputed": 0,
    "imputed_count": 0
}