{
    "ema_spread_scaled": 0.7345397710943299,
    "mcclenllan_scaled": 0.7483370143255659,
    "p_c_ema_scaled": 0.7455197132616483,
    "vix_ema_spread_scaled": 0.9520444750703679,
    "safe_spread_scaled": 0.709228536939973,
    "junk_spread_scaled": 0.22330097087378642,
    "stock_strength_scaled": 0.7367611402025306
}