{
    "ema_spread_scaled": 0.902372695694414,
    "mcclenllan_scaled": 0.6644284233265515,
    "p_c_ema_scaled": 0.9966996699669967,
    "vix_ema_spread_scaled": 0.8423167213650854,
    "safe_spread_scaled": 0.7155994733120925,
    "junk_spread_scaled": 0.4174757281553392,
    "stock_strength_scaled": 0.8120988610199882
}