{
    "ema_spread_scaled": 0.7346080585131216,
    "mcclenllan_scaled": 0.36152563180779945,
    "p_c_ema_scaled": 0.5656565656565653,
    "vix_ema_spread_scaled": 0.8673009882427903,
    "safe_spread_scaled": 0.6324561289919312,
    "junk_spread_scaled": 0.9242902208201892
}