{
    "ema_spread_scaled": 0.6270229369302754,
    "mcclenllan_scaled": 0.4693107951460728,
    "p_c_ema_scaled": 0.4983164983164982,
    "vix_ema_spread_scaled": 0.7732126774456405,
    "safe_spread_scaled": 0.6462717761728757,
    "junk_spread_scaled": 0.8864353312302838
}