{
    "ema_spread_scaled": 0.9561432727356695,
    "mcclenllan_scaled": 0.6321180097719169,
    "p_c_ema_scaled": 0.6677115987460815,
    "vix_ema_spread_scaled": 0.7919085271136753,
    "safe_spread_scaled": 0.8544612191870496,
    "junk_spread_scaled": 0.5825242718446595,
    "stock_strength_scaled": 0.7127123652635626
}