{
    "ema_spread_scaled": 0.9668569939814601,
    "mcclenllan_scaled": 0.48336390851326166,
    "p_c_ema_scaled": 0.6645768025078371,
    "vix_ema_spread_scaled": 0.8416743555903341,
    "safe_spread_scaled": 0.6546249406214569,
    "junk_spread_scaled": 0.4563106796116508,
    "stock_strength_scaled": 0.8596208148446955
}